Start Time (Seconds),End Time (Seconds),Duration (Seconds),Component,Energy Consumption (Joule)
0,181.023,181.023,screen light,218.2873448466
0,181.023,181.023,wifi running,1.1586377115000002
0,181.023,181.023,audio,12.976742368800002
0,181.023,181.023,video,47.735873713800004

