Start Time (Seconds),End Time (Seconds),Duration (Seconds),Component,Energy Consumption (Joule)
0,180.865,180.865,screen light,218.09681988300002
0,180.865,180.865,wifi running,1.1576264325000003
0,180.865,180.865,audio,12.965416044000003
0,180.865,180.865,video,47.694209019000006

