Start Time (Seconds),End Time (Seconds),Duration (Seconds),Component,Energy Consumption (Joule)
0,180.989,180.989,screen light,218.2463458038
0,180.989,180.989,wifi running,1.1584200945000003
0,180.989,180.989,audio,12.974305058400002
0,180.989,180.989,video,47.7269078934

