Start Time (Seconds),End Time (Seconds),Duration (Seconds),Component,Energy Consumption (Joule)
0,180.987,180.987,screen light,218.24393409540002
0,180.987,180.987,wifi running,1.1584072935
0,180.987,180.987,audio,12.974161687200002
0,180.987,180.987,video,47.7263804922

