Start Time (Seconds),End Time (Seconds),Duration (Seconds),Component,Energy Consumption (Joule)
0,180.956,180.956,screen light,218.2065526152
0,180.956,180.956,wifi running,1.1582088780000002
0,180.956,180.956,audio,12.971939433600003
0,180.956,180.956,video,47.7182057736

