Start Time (Seconds),End Time (Seconds),Duration (Seconds),Component,Energy Consumption (Joule)
0,180.948,180.948,screen light,218.19690578160004
0,180.948,180.948,wifi running,1.1581576740000001
0,180.948,180.948,audio,12.971365948800003
0,180.948,180.948,video,47.7160961688

