Start Time (Seconds),End Time (Seconds),Duration (Seconds),Component,Energy Consumption (Joule)
0,180.986,180.986,screen light,218.2427282412
0,180.986,180.986,wifi running,1.158400893
0,180.986,180.986,audio,12.974090001600002
0,180.986,180.986,video,47.7261167916

