Start Time (Seconds),End Time (Seconds),Duration (Seconds),Component,Energy Consumption (Joule)
0,180.928,180.928,screen light,218.17278869760003
0,180.928,180.928,wifi running,1.158029664
0,180.928,180.928,audio,12.969932236800002
0,180.928,180.928,video,47.7108221568

