Start Time (Seconds),End Time (Seconds),Duration (Seconds),Component,Energy Consumption (Joule)
0,180.974,180.974,screen light,218.22825799080002
0,180.974,180.974,wifi running,1.158324087
0,180.974,180.974,audio,12.973229774400002
0,180.974,180.974,video,47.722952384399996

