Start Time (Seconds),End Time (Seconds),Duration (Seconds),Component,Energy Consumption (Joule)
0,180.97,180.97,screen light,218.223434574
0,180.97,180.97,wifi running,1.1582984850000002
0,180.97,180.97,audio,12.972943032000003
0,180.97,180.97,video,47.721897582000004

