Start Time (Seconds),End Time (Seconds),Duration (Seconds),Component,Energy Consumption (Joule)
0,180.971,180.971,screen light,218.22464042820002
0,180.971,180.971,wifi running,1.1583048855000002
0,180.971,180.971,audio,12.973014717600003
0,180.971,180.971,video,47.722161282600005

