Start Time (Seconds),End Time (Seconds),Duration (Seconds),Component,Energy Consumption (Joule)
0,181.019,181.019,screen light,218.28252142980003
0,181.019,181.019,wifi running,1.1586121095000002
0,181.019,181.019,audio,12.976455626400003
0,181.019,181.019,video,47.734818911400005

