Start Time (Seconds),End Time (Seconds),Duration (Seconds),Component,Energy Consumption (Joule)
0,181.063,181.063,screen light,218.3355790146
0,181.063,181.063,wifi running,1.1588937315
0,181.063,181.063,audio,12.979609792800002
0,181.063,181.063,video,47.7464217378

