Start Time (Seconds),End Time (Seconds),Duration (Seconds),Component,Energy Consumption (Joule)
0,180.989,180.989,screen dark,50.24269119120001
0,180.989,180.989,wifi running,1.173894654
0,180.989,180.989,audio,13.147620124800001
0,180.989,180.989,video,48.36445974479999

