Start Time (Seconds),End Time (Seconds),Duration (Seconds),Component,Energy Consumption (Joule)
0,180.862,180.862,screen light,222.3865768212
0,180.862,180.862,wifi running,1.180395843
0,180.862,180.862,audio,13.220433441600001
0,180.862,180.862,video,48.63230873159999

