Start Time (Seconds),End Time (Seconds),Duration (Seconds),Component,Energy Consumption (Joule)
0,180.935,180.935,screen dark,50.227700748000004
0,180.935,180.935,wifi running,1.1735444099999999
0,180.935,180.935,audio,13.143697392000002
0,180.935,180.935,video,48.35002969199999

