Start Time (Seconds),End Time (Seconds),Duration (Seconds),Component,Energy Consumption (Joule)
0,180.926,180.926,screen dark,50.2252023408
0,180.926,180.926,wifi running,1.173486036
0,180.926,180.926,audio,13.1430436032
0,180.926,180.926,video,48.34762468319999

