Start Time (Seconds),End Time (Seconds),Duration (Seconds),Component,Energy Consumption (Joule)
0,180.925,180.925,screen light,222.46404115500005
0,180.925,180.925,wifi running,1.1808070125
0,180.925,180.925,audio,13.225038540000002
0,180.925,180.925,video,48.649248914999994

