Start Time (Seconds),End Time (Seconds),Duration (Seconds),Component,Energy Consumption (Joule)
0,180.978,180.978,screen light,222.52920956280005
0,180.978,180.978,wifi running,1.1811529170000001
0,180.978,180.978,audio,13.228912670400002
0,180.978,180.978,video,48.66350018039999

