Start Time (Seconds),End Time (Seconds),Duration (Seconds),Component,Energy Consumption (Joule)
0,180.962,180.962,screen light,222.50953608120003
0,180.962,180.962,wifi running,1.181048493
0,180.962,180.962,audio,13.2277431216
0,180.962,180.962,video,48.65919791159999

