Start Time (Seconds),End Time (Seconds),Duration (Seconds),Component,Energy Consumption (Joule)
0,181.01,181.01,screen light,218.271668742
0,181.01,181.01,wifi running,1.1585545050000001
0,181.01,181.01,audio,12.975810456000001
0,181.01,181.01,video,47.732445606

