Start Time (Seconds),End Time (Seconds),Duration (Seconds),Component,Energy Consumption (Joule)
0,181.155,181.155,screen dark,50.28877292400001
0,181.155,181.155,wifi running,1.17497133
0,181.155,181.155,audio,13.159678896
0,181.155,181.155,video,48.40881879599999

