Start Time (Seconds),End Time (Seconds),Duration (Seconds),Component,Energy Consumption (Joule)
0,180.965,180.965,screen light,222.51322485900002
0,180.965,180.965,wifi running,1.1810680725
0,180.965,180.965,audio,13.227962412
0,180.965,180.965,video,48.660004586999996

