Start Time (Seconds),End Time (Seconds),Duration (Seconds),Component,Energy Consumption (Joule)
0,181.006,181.006,screen light,218.26684532520002
0,181.006,181.006,wifi running,1.158528903
0,181.006,181.006,audio,12.975523713600003
0,181.006,181.006,video,47.7313908036

