Start Time (Seconds),End Time (Seconds),Duration (Seconds),Component,Energy Consumption (Joule)
0,180.927,180.927,screen dark,50.22547994160001
0,180.927,180.927,wifi running,1.1734925219999999
0,180.927,180.927,audio,13.1431162464
0,180.927,180.927,video,48.34789190639999

