Start Time (Seconds),End Time (Seconds),Duration (Seconds),Component,Energy Consumption (Joule)
0,180.918,180.918,screen dark,50.222981534400006
0,180.918,180.918,wifi running,1.173434148
0,180.918,180.918,audio,13.1424624576
0,180.918,180.918,video,48.34548689759999

