Start Time (Seconds),End Time (Seconds),Duration (Seconds),Component,Energy Consumption (Joule)
0,180.999,180.999,screen light,222.55503100740003
0,180.999,180.999,wifi running,1.1812899735
0,180.999,180.999,audio,13.2304477032
0,180.999,180.999,video,48.66914690819999

