Start Time (Seconds),End Time (Seconds),Duration (Seconds),Component,Energy Consumption (Joule)
0,180.959,180.959,screen dark,50.23436316720001
0,180.959,180.959,wifi running,1.1737000739999999
0,180.959,180.959,audio,13.145440828800002
0,180.959,180.959,video,48.35644304879999

