Start Time (Seconds),End Time (Seconds),Duration (Seconds),Component,Energy Consumption (Joule)
0,180.956,180.956,screen dark,50.233530364800004
0,180.956,180.956,wifi running,1.173680616
0,180.956,180.956,audio,13.1452228992
0,180.956,180.956,video,48.35564137919999

