Start Time (Seconds),End Time (Seconds),Duration (Seconds),Component,Energy Consumption (Joule)
0,180.975,180.975,screen light,222.52552078500003
0,180.975,180.975,wifi running,1.1811333375
0,180.975,180.975,audio,13.228693380000001
0,180.975,180.975,video,48.66269350499999

