Start Time (Seconds),End Time (Seconds),Duration (Seconds),Component,Energy Consumption (Joule)
0,180.967,180.967,screen dark,50.23658397360001
0,180.967,180.967,wifi running,1.173751962
0,180.967,180.967,audio,13.146021974400002
0,180.967,180.967,video,48.358580834399994

