Start Time (Seconds),End Time (Seconds),Duration (Seconds),Component,Energy Consumption (Joule)
0,180.928,180.928,screen dark,50.225757542400004
0,180.928,180.928,wifi running,1.1734990079999998
0,180.928,180.928,audio,13.143188889600001
0,180.928,180.928,video,48.348159129599985

