Start Time (Seconds),End Time (Seconds),Duration (Seconds),Component,Energy Consumption (Joule)
0,180.953,180.953,screen dark,50.232697562400006
0,180.953,180.953,wifi running,1.173661158
0,180.953,180.953,audio,13.1450049696
0,180.953,180.953,video,48.35483970959999

