Start Time (Seconds),End Time (Seconds),Duration (Seconds),Component,Energy Consumption (Joule)
0,180.922,180.922,screen light,222.46035237720002
0,180.922,180.922,wifi running,1.180787433
0,180.922,180.922,audio,13.224819249600001
0,180.922,180.922,video,48.648442239599994

