Start Time (Seconds),End Time (Seconds),Duration (Seconds),Component,Energy Consumption (Joule)
0,181.196,181.196,screen bright,280.1916010984
0,181.196,181.196,wifi running,1.182575694
0,181.196,181.196,audio,13.2448477728
0,181.196,181.196,video,48.722118592799994

