Start Time (Seconds),End Time (Seconds),Duration (Seconds),Component,Energy Consumption (Joule)
0,180.946,180.946,screen light,222.48986259960003
0,180.946,180.946,wifi running,1.180944069
0,180.946,180.946,audio,13.226573572800001
0,180.946,180.946,video,48.65489564279999

