Start Time (Seconds),End Time (Seconds),Duration (Seconds),Component,Energy Consumption (Joule)
0,181.11,181.11,screen light,218.39225416200003
0,181.11,181.11,wifi running,1.1591945550000002
0,181.11,181.11,audio,12.982979016000003
0,181.11,181.11,video,47.758815666000004

