Start Time (Seconds),End Time (Seconds),Duration (Seconds),Component,Energy Consumption (Joule)
0,180.995,180.995,screen light,218.25358092900004
0,180.995,180.995,wifi running,1.1584584975
0,180.995,180.995,audio,12.974735172000003
0,180.995,180.995,video,47.728490097000005

