Start Time (Seconds),End Time (Seconds),Duration (Seconds),Component,Energy Consumption (Joule)
0,180.974,180.974,screen dark,50.238527179200005
0,180.974,180.974,wifi running,1.173797364
0,180.974,180.974,audio,13.1465304768
0,180.974,180.974,video,48.36045139679999

