Start Time (Seconds),End Time (Seconds),Duration (Seconds),Component,Energy Consumption (Joule)
0,180.903,180.903,screen light,222.4369901178
0,180.903,180.903,wifi running,1.1806634295
0,180.903,180.903,audio,13.2234304104
0,180.903,180.903,video,48.64333329539999

