Start Time (Seconds),End Time (Seconds),Duration (Seconds),Component,Energy Consumption (Joule)
0,180.978,180.978,screen dark,50.23963758240001
0,180.978,180.978,wifi running,1.173823308
0,180.978,180.978,audio,13.146821049600002
0,180.978,180.978,video,48.361520289599994

