Start Time (Seconds),End Time (Seconds),Duration (Seconds),Component,Energy Consumption (Joule)
0,180.896,180.896,screen light,218.1342013632
0,180.896,180.896,wifi running,1.157824848
0,180.896,180.896,audio,12.967638297600002
0,180.896,180.896,video,47.702383737599995

