Start Time (Seconds),End Time (Seconds),Duration (Seconds),Component,Energy Consumption (Joule)
0,180.991,180.991,screen light,218.24875751220003
0,180.991,180.991,wifi running,1.1584328955000003
0,180.991,180.991,audio,12.974448429600004
0,180.991,180.991,video,47.727435294600006

