Start Time (Seconds),End Time (Seconds),Duration (Seconds),Component,Energy Consumption (Joule)
0,180.948,180.948,screen light,222.49232178480003
0,180.948,180.948,wifi running,1.1809571220000001
0,180.948,180.948,audio,13.2267197664
0,180.948,180.948,video,48.655433426399995

