Start Time (Seconds),End Time (Seconds),Duration (Seconds),Component,Energy Consumption (Joule)
0,180.949,180.949,screen dark,50.23158715920001
0,180.949,180.949,wifi running,1.173635214
0,180.949,180.949,audio,13.144714396800001
0,180.949,180.949,video,48.353770816799994

