Start Time (Seconds),End Time (Seconds),Duration (Seconds),Component,Energy Consumption (Joule)
0,181.173,181.173,screen light,222.76898011980003
0,181.173,181.173,wifi running,1.1824255845
0,181.173,181.173,audio,13.243166546400001
0,181.173,181.173,video,48.71593408139999

