Start Time (Seconds),End Time (Seconds),Duration (Seconds),Component,Energy Consumption (Joule)
0,181.346,181.346,screen light,218.6768357532
0,181.346,181.346,wifi running,1.1607050730000001
0,181.346,181.346,audio,12.999896817600003
0,181.346,181.346,video,47.8210490076

