Start Time (Seconds),End Time (Seconds),Duration (Seconds),Component,Energy Consumption (Joule)
0,180.897,180.897,screen dark,50.217151917600006
0,180.897,180.897,wifi running,1.1732979419999998
0,180.897,180.897,audio,13.1409369504
0,180.897,180.897,video,48.33987521039999

