Start Time (Seconds),End Time (Seconds),Duration (Seconds),Component,Energy Consumption (Joule)
0,180.984,180.984,screen dark,50.24130318720001
0,180.984,180.984,wifi running,1.173862224
0,180.984,180.984,audio,13.147256908800001
0,180.984,180.984,video,48.36312362879999

