Start Time (Seconds),End Time (Seconds),Duration (Seconds),Component,Energy Consumption (Joule)
0,180.997,180.997,screen bright,279.8838783638
0,180.997,180.997,wifi running,1.1812769205000002
0,180.997,180.997,audio,13.230301509600002
0,180.997,180.997,video,48.668609124599996

