Start Time (Seconds),End Time (Seconds),Duration (Seconds),Component,Energy Consumption (Joule)
0,180.856,180.856,screen light,222.37919926560002
0,180.856,180.856,wifi running,1.180356684
0,180.856,180.856,audio,13.2199948608
0,180.856,180.856,video,48.63069538079999

