Start Time (Seconds),End Time (Seconds),Duration (Seconds),Component,Energy Consumption (Joule)
0,180.954,180.954,screen light,222.49969934040004
0,180.954,180.954,wifi running,1.180996281
0,180.954,180.954,audio,13.227158347200001
0,180.954,180.954,video,48.657046777199994

