Start Time (Seconds),End Time (Seconds),Duration (Seconds),Component,Energy Consumption (Joule)
0,180.981,180.981,screen light,222.5328983406
0,180.981,180.981,wifi running,1.1811724965
0,180.981,180.981,audio,13.2291319608
0,180.981,180.981,video,48.66430685579999

