Start Time (Seconds),End Time (Seconds),Duration (Seconds),Component,Energy Consumption (Joule)
0,180.924,180.924,screen dark,50.22464713920001
0,180.924,180.924,wifi running,1.173473064
0,180.924,180.924,audio,13.142898316800002
0,180.924,180.924,video,48.34709023679999

