Start Time (Seconds),End Time (Seconds),Duration (Seconds),Component,Energy Consumption (Joule)
0,180.962,180.962,screen dark,50.23519596960001
0,180.962,180.962,wifi running,1.1737195319999998
0,180.962,180.962,audio,13.1456587584
0,180.962,180.962,video,48.35724471839998

