Start Time (Seconds),End Time (Seconds),Duration (Seconds),Component,Energy Consumption (Joule)
0,180.933,180.933,screen light,218.17881796860001
0,180.933,180.933,wifi running,1.1580616665
0,180.933,180.933,audio,12.970290664800002
0,180.933,180.933,video,47.7121406598

