Start Time (Seconds),End Time (Seconds),Duration (Seconds),Component,Energy Consumption (Joule)
0,180.863,180.863,screen dark,50.2077134904
0,180.863,180.863,wifi running,1.1730774179999999
0,180.863,180.863,audio,13.1384670816
0,180.863,180.863,video,48.33078962159999

