Start Time (Seconds),End Time (Seconds),Duration (Seconds),Component,Energy Consumption (Joule)
0,180.985,180.985,screen light,222.53781671100003
0,180.985,180.985,wifi running,1.1811986025
0,180.985,180.985,audio,13.229424348000002
0,180.985,180.985,video,48.665382423

