Start Time (Seconds),End Time (Seconds),Duration (Seconds),Component,Energy Consumption (Joule)
0,180.939,180.939,screen dark,50.228811151200006
0,180.939,180.939,wifi running,1.173570354
0,180.939,180.939,audio,13.1439879648
0,180.939,180.939,video,48.351098584799985

