Start Time (Seconds),End Time (Seconds),Duration (Seconds),Component,Energy Consumption (Joule)
0,181.018,181.018,screen dark,50.250741614400006
0,181.018,181.018,wifi running,1.174082748
0,181.018,181.018,audio,13.149726777600002
0,181.018,181.018,video,48.37220921759999

