Start Time (Seconds),End Time (Seconds),Duration (Seconds),Component,Energy Consumption (Joule)
0,180.936,180.936,screen dark,50.22797834880001
0,180.936,180.936,wifi running,1.173550896
0,180.936,180.936,audio,13.143770035200001
0,180.936,180.936,video,48.35029691519999

