Start Time (Seconds),End Time (Seconds),Duration (Seconds),Component,Energy Consumption (Joule)
0,180.962,180.962,screen light,218.2137877404
0,180.962,180.962,wifi running,1.1582472810000002
0,180.962,180.962,audio,12.972369547200001
0,180.962,180.962,video,47.7197879772

