Start Time (Seconds),End Time (Seconds),Duration (Seconds),Component,Energy Consumption (Joule)
0,180.938,180.938,screen bright,279.79264398519996
0,180.938,180.938,wifi running,1.180891857
0,180.938,180.938,audio,13.2259887984
0,180.938,180.938,video,48.65274450839999

