Start Time (Seconds),End Time (Seconds),Duration (Seconds),Component,Energy Consumption (Joule)
0,180.967,180.967,screen light,222.51568404420004
0,180.967,180.967,wifi running,1.1810811255000002
0,180.967,180.967,audio,13.228108605600001
0,180.967,180.967,video,48.6605423706

