Start Time (Seconds),End Time (Seconds),Duration (Seconds),Component,Energy Consumption (Joule)
0,180.949,180.949,screen light,222.49355137740005
0,180.949,180.949,wifi running,1.1809636485000001
0,180.949,180.949,audio,13.226792863200002
0,180.949,180.949,video,48.65570231819999

