Start Time (Seconds),End Time (Seconds),Duration (Seconds),Component,Energy Consumption (Joule)
0,180.983,180.983,screen light,218.2391106786
0,180.983,180.983,wifi running,1.1583816915000003
0,180.983,180.983,audio,12.973874944800004
0,180.983,180.983,video,47.7253256898

