Start Time (Seconds),End Time (Seconds),Duration (Seconds),Component,Energy Consumption (Joule)
0,181.011,181.011,screen light,218.2728745962
0,181.011,181.011,wifi running,1.1585609055000001
0,181.011,181.011,audio,12.975882141600003
0,181.011,181.011,video,47.7327093066

