Start Time (Seconds),End Time (Seconds),Duration (Seconds),Component,Energy Consumption (Joule)
0,180.964,180.964,screen light,222.51199526640002
0,180.964,180.964,wifi running,1.181061546
0,180.964,180.964,audio,13.2278893152
0,180.964,180.964,video,48.65973569519999

