Start Time (Seconds),End Time (Seconds),Duration (Seconds),Component,Energy Consumption (Joule)
0,180.964,180.964,screen dark,50.23575117120001
0,180.964,180.964,wifi running,1.173732504
0,180.964,180.964,audio,13.1458040448
0,180.964,180.964,video,48.357779164799986

