Start Time (Seconds),End Time (Seconds),Duration (Seconds),Component,Energy Consumption (Joule)
0,181.067,181.067,screen light,222.63864330420003
0,181.067,181.067,wifi running,1.1817337755000001
0,181.067,181.067,audio,13.235418285600002
0,181.067,181.067,video,48.687431550599996

