Start Time (Seconds),End Time (Seconds),Duration (Seconds),Component,Energy Consumption (Joule)
0,180.966,180.966,screen light,218.21861115720003
0,180.966,180.966,wifi running,1.1582728830000002
0,180.966,180.966,audio,12.972656289600003
0,180.966,180.966,video,47.720842779600005

