Start Time (Seconds),End Time (Seconds),Duration (Seconds),Component,Energy Consumption (Joule)
0,180.99,180.99,screen light,222.54396467400005
0,180.99,180.99,wifi running,1.181231235
0,180.99,180.99,audio,13.229789832000002
0,180.99,180.99,video,48.66672688199999

