Start Time (Seconds),End Time (Seconds),Duration (Seconds),Component,Energy Consumption (Joule)
0,180.945,180.945,screen dark,50.230476756
0,180.945,180.945,wifi running,1.1736092699999998
0,180.945,180.945,audio,13.144423824
0,180.945,180.945,video,48.35270192399999

