Start Time (Seconds),End Time (Seconds),Duration (Seconds),Component,Energy Consumption (Joule)
0,180.958,180.958,screen light,218.20896432360001
0,180.958,180.958,wifi running,1.1582216790000002
0,180.958,180.958,audio,12.972082804800003
0,180.958,180.958,video,47.7187331748

