Start Time (Seconds),End Time (Seconds),Duration (Seconds),Component,Energy Consumption (Joule)
0,180.917,180.917,screen dark,50.22270393360001
0,180.917,180.917,wifi running,1.173427662
0,180.917,180.917,audio,13.142389814400001
0,180.917,180.917,video,48.34521967439999

