Start Time (Seconds),End Time (Seconds),Duration (Seconds),Component,Energy Consumption (Joule)
0,180.951,180.951,screen light,222.49601056260002
0,180.951,180.951,wifi running,1.1809767015
0,180.951,180.951,audio,13.226939056800001
0,180.951,180.951,video,48.65624010179999

